{
  "WHT": {
    "Clean": 65.453125,
    "Gaussian Noise \u03c3=0.05": 13.8125,
    "Gaussian Noise \u03c3=0.10": 13.3125,
    "Gaussian Noise \u03c3=0.15": 13.03125,
    "Gaussian Noise \u03c3=0.20": 12.640625,
    "Gaussian Noise \u03c3=0.25": 12.25,
    "Salt & Pepper p=0.02": 59.484375,
    "Salt & Pepper p=0.05": 50.5625,
    "Salt & Pepper p=0.10": 40.015625,
    "Salt & Pepper p=0.15": 32.015625,
    "Salt & Pepper p=0.20": 25.15625,
    "Poisson Noise \u03bb=0.2": 0.921875,
    "Poisson Noise \u03bb=0.5": 1.375,
    "Poisson Noise \u03bb=1.0": 3.296875,
    "Poisson Noise \u03bb=2.0": 6.859375,
    "Poisson Noise \u03bb=5.0": 10.046875,
    "Gaussian Blur k=3": 62.828125,
    "Gaussian Blur k=5": 58.34375,
    "Gaussian Blur k=7": 52.65625,
    "Gaussian Blur k=9": 47.03125,
    "Gaussian Blur k=11": 42.359375
  },
  "WTHaar": {
    "Clean": 69.875,
    "Gaussian Noise \u03c3=0.05": 15.484375,
    "Gaussian Noise \u03c3=0.10": 15.09375,
    "Gaussian Noise \u03c3=0.15": 14.28125,
    "Gaussian Noise \u03c3=0.20": 13.53125,
    "Gaussian Noise \u03c3=0.25": 12.46875,
    "Salt & Pepper p=0.02": 61.078125,
    "Salt & Pepper p=0.05": 51.328125,
    "Salt & Pepper p=0.10": 39.171875,
    "Salt & Pepper p=0.15": 29.53125,
    "Salt & Pepper p=0.20": 22.328125,
    "Poisson Noise \u03bb=0.2": 1.34375,
    "Poisson Noise \u03bb=0.5": 1.3125,
    "Poisson Noise \u03bb=1.0": 2.21875,
    "Poisson Noise \u03bb=2.0": 5.015625,
    "Poisson Noise \u03bb=5.0": 9.671875,
    "Gaussian Blur k=3": 66.5625,
    "Gaussian Blur k=5": 61.828125,
    "Gaussian Blur k=7": 56.53125,
    "Gaussian Blur k=9": 51.1875,
    "Gaussian Blur k=11": 46.109375
  }
}